<?xml version="1.0" encoding="UTF-8"?>
<project-private xmlns="http://www.netbeans.org/ns/project-private/1">
    <editor-bookmarks xmlns="http://www.netbeans.org/ns/editor-bookmarks/2" lastBookmarkId="0"/>
    <open-files xmlns="http://www.netbeans.org/ns/projectui-open-files/2">
        <group>
            <file>file:/G:/5th%20semister/Software%20Design%20and%20Architechture/programs/observer.eventsmanagement/observer.eventsmanagement/src/observer/eventsmanagement/EmailNotificationListener.java</file>
            <file>file:/G:/5th%20semister/Software%20Design%20and%20Architechture/programs/observer.eventsmanagement/observer.eventsmanagement/src/observer/eventsmanagement/LogOpenListener.java</file>
            <file>file:/G:/5th%20semister/Software%20Design%20and%20Architechture/programs/observer.eventsmanagement/observer.eventsmanagement/src/observer/eventsmanagement/EventListener.java</file>
            <file>file:/G:/5th%20semister/Software%20Design%20and%20Architechture/programs/observer.eventsmanagement/observer.eventsmanagement/src/observer/eventsmanagement/Editor.java</file>
            <file>file:/G:/5th%20semister/Software%20Design%20and%20Architechture/programs/observer.eventsmanagement/observer.eventsmanagement/src/observer/eventsmanagement/Demo.java</file>
            <file>file:/G:/5th%20semister/Software%20Design%20and%20Architechture/programs/observer.eventsmanagement/observer.eventsmanagement/src/observer/eventsmanagement/EventManager.java</file>
        </group>
    </open-files>
</project-private>
